benchmark,cycles,implementation,samples,mean_cps,median_cps,min_cps,max_cps,stdev_cps,mean_elapsed_ms
boolean_heavy,2000,modified,7,78617.486,78589.078,78419.886,78899.451,162.58953144652318,25.439726285714286
dsp_heavy,2000,modified,7,21044.264714285717,21038.596,21022.485,21061.919,15.913379535412789,95.03781757142858
carry_heavy,1000,modified,7,1571.366,1571.351,1571.026,1571.667,0.229714315328081,636.3889345714285
srl_heavy,2000,modified,7,42845.09814285714,42793.845,42633.562,43058.474,172.07158275693394,46.68043071428571
scaling_small,1000,modified,7,7714.984142857143,7720.484,7681.75,7725.962,15.040530824282515,129.61831757142858
mixed_heterogeneous,1000,modified,7,3558.7355714285713,3559.06,3557.54,3559.617,0.7307051063055706,280.9986747142857
deep_dependency,200,modified,7,466.2275714285714,466.212,466.111,466.354,0.08154110853398958,428.9752952857143
large_scale,200,modified,7,1052.7181428571428,1052.647,1052.453,1053.198,0.26555189610285507,189.98437585714285
boolean_heavy,2000,upstream,7,59349.482287343235,59385.199872024896,59248.51903883023,59464.06053132149,83.58324358194686,33.69875057142857
